{"eval/mean":6.708815,"_wandb":{"runtime":2524},"agent/average_policy_loss":-0.023755005,"extras/meanplusstdev":7.5092072,"_timestamp":1.772057487402184e+09,"eval/max":7.451531,"_runtime":2524,"agent/explained_variance":0.9215976,"agent/average_entropy":3.5864844,"train/action_mean":0.9210658669471741,"eval/min":5.861109,"global_step":5000,"eval/median":6.8138056,"_step":103,"agent/average_value":3.2158687,"eval/stdev":0.80039227,"agent/average_value_loss":0.14603868,"agent/n_updates":6080,"train/action_mean_window":1.0291918218135834,"extras/meanminusstdev":5.908423}