{"eval/min":5.529188,"eval/max":6.5446143,"_wandb":{"runtime":2559},"agent/average_value_loss":0.07668244,"agent/average_entropy":3.420229,"extras/meanplusstdev":6.62423,"agent/explained_variance":0.9044069,"train/action_mean_window":0.2646917849779129,"agent/average_value":3.3601122,"_timestamp":1.772067807658932e+09,"eval/mean":6.103556,"agent/average_policy_loss":-0.015388299,"_step":103,"eval/median":6.2368665,"_runtime":2559,"agent/n_updates":6080,"extras/meanminusstdev":5.5828824,"global_step":5000,"eval/stdev":0.5206738,"train/action_mean":0.09913545846939087}