{"agent/n_updates":5120,"eval/min":5.685644,"agent/average_policy_loss":-0.052196346,"_timestamp":1.7720703784024918e+09,"agent/average_value":2.22719,"eval/median":5.7926025,"train/action_mean":0.9905750751495361,"eval/max":6.0866585,"extras/meanplusstdev":6.0626225,"_step":103,"extras/meanminusstdev":5.6473145,"eval/mean":5.8549685,"agent/average_entropy":3.7829535,"agent/average_value_loss":0.39052123,"eval/stdev":0.20765403,"agent/explained_variance":0.70467216,"_wandb":{"runtime":2589},"train/action_mean_window":0.7505423724651337,"_runtime":2589,"global_step":5000}