{"eval/min":7.1449604,"_timestamp":1.772070398189397e+09,"_runtime":2568,"extras/meanplusstdev":7.9357533,"extras/meanminusstdev":7.153715,"eval/mean":7.5447345,"_wandb":{"runtime":2568},"train/action_mean_window":0.8750027716159821,"agent/average_policy_loss":-0.05572213,"global_step":5000,"agent/average_entropy":3.4383287,"eval/stdev":0.39101917,"agent/explained_variance":0.91303307,"agent/n_updates":6080,"agent/average_value":3.3259435,"eval/max":7.9263673,"_step":103,"eval/median":7.5628757,"train/action_mean":0.9103102684020996,"agent/average_value_loss":0.18816446}