{"train/action_mean_window":0.5459463000297546,"agent/average_value":3.418804,"train/action_mean":0.564203679561615,"agent/average_entropy":3.2591424,"global_step":5000,"agent/average_value_loss":0.137641,"eval/mean":6.928849,"eval/max":7.286108,"eval/stdev":0.3297906,"extras/meanplusstdev":7.25864,"agent/average_policy_loss":-0.05641949,"_wandb":{"runtime":2555},"extras/meanminusstdev":6.5990586,"eval/median":6.864397,"_runtime":2555,"eval/min":6.6360426,"agent/n_updates":6080,"_timestamp":1.7720677635003278e+09,"_step":103,"agent/explained_variance":0.9200446}