{"eval/stdev":1.192951,"extras/meanminusstdev":6.1218777,"eval/min":6.235235,"global_step":5000,"train/action_mean":0.6957554221153259,"agent/explained_variance":0.94696224,"train/action_mean_window":0.7672130763530731,"_runtime":2506,"_step":103,"agent/average_value":3.646982,"agent/average_value_loss":0.14888431,"agent/average_entropy":3.7893424,"agent/n_updates":6080,"extras/meanplusstdev":8.507779,"agent/average_policy_loss":-0.025298608,"_timestamp":1.772052406302423e+09,"eval/mean":7.3148284,"eval/max":8.595565,"_wandb":{"runtime":2506},"eval/median":7.1136856}