{"extras/meanminusstdev":6.040543,"agent/explained_variance":0.797361,"eval/min":5.946945,"agent/average_policy_loss":-0.054767266,"eval/stdev":0.61055857,"global_step":5000,"_timestamp":1.772062603640595e+09,"agent/average_value":2.8356748,"agent/n_updates":6080,"agent/average_value_loss":0.050973717,"agent/average_entropy":3.2154868,"eval/mean":6.6511016,"train/action_mean":1.0604184865951538,"train/action_mean_window":1.0547480583190918,"eval/median":6.9731073,"_wandb":{"runtime":2558},"_runtime":2558,"eval/max":7.0332527,"extras/meanplusstdev":7.2616606,"_step":103}