{"_wandb":{"runtime":2535},"agent/average_entropy":3.9462192,"train/action_mean":0.12776429951190948,"agent/average_policy_loss":-0.028844183,"_timestamp":1.772052395872829e+09,"train/action_mean_window":0.2697773352265358,"eval/mean":4.439719,"_runtime":2535,"extras/meanplusstdev":4.6641793,"eval/max":4.698714,"eval/median":4.3187995,"extras/meanminusstdev":4.2152596,"agent/explained_variance":0.74435383,"global_step":5000,"agent/n_updates":2560,"_step":103,"eval/min":4.301645,"eval/stdev":0.22445984,"agent/average_value_loss":0.45757797,"agent/average_value":2.4725626}