{"_runtime":2579,"extras/meanplusstdev":6.989163,"extras/meanminusstdev":6.676065,"_timestamp":1.77203483377018e+09,"global_step":5000,"_wandb":{"runtime":2579},"eval/max":6.9764295,"_step":103,"eval/stdev":0.15654884,"eval/mean":6.832614,"agent/average_value_loss":0.3699115,"agent/average_policy_loss":-0.027847733,"agent/average_entropy":4.0088873,"train/action_mean":0.29643040895462036,"eval/min":6.665862,"eval/median":6.8555503,"agent/n_updates":6080,"agent/explained_variance":0.8788028,"train/action_mean_window":0.37220749258995056,"agent/average_value":3.4259481}