{"eval/median":7.2449107,"eval/max":8.032839,"train/action_mean_window":1.14974644780159,"eval/min":6.757262,"agent/average_policy_loss":-0.008480752,"agent/average_value_loss":0.25608996,"eval/stdev":0.6436519,"train/action_mean":0.6979919075965881,"extras/meanminusstdev":6.7013516,"_step":103,"extras/meanplusstdev":7.9886556,"global_step":5000,"_timestamp":1.772054940051937e+09,"agent/n_updates":6080,"agent/average_value":3.75795,"_runtime":2518,"agent/average_entropy":3.7003236,"eval/mean":7.3450036,"_wandb":{"runtime":2518},"agent/explained_variance":0.91082144}