{"eval/min":6.3202662,"agent/average_entropy":3.5319355,"eval/median":6.716778,"train/action_mean":0.8790879845619202,"agent/average_policy_loss":-0.039852064,"eval/mean":6.666531,"agent/n_updates":5760,"agent/explained_variance":0.8988605,"train/action_mean_window":0.7923933267593384,"agent/average_value_loss":0.13225675,"eval/stdev":0.32407627,"extras/meanminusstdev":6.342455,"eval/max":6.962549,"_step":103,"_timestamp":1.772037300049827e+09,"agent/average_value":3.0967624,"global_step":5000,"_wandb":{"runtime":2466},"extras/meanplusstdev":6.9906073,"_runtime":2466}