{"_timestamp":1.772044761040951e+09,"train/action_mean_window":0.7019973248243332,"agent/average_policy_loss":-0.0069820327,"_step":103,"_runtime":2484,"eval/max":6.3384366,"eval/median":6.2546487,"eval/mean":5.9145784,"agent/n_updates":1440,"extras/meanplusstdev":6.577485,"eval/stdev":0.6629064,"agent/average_value_loss":0.8521304,"eval/min":5.1506505,"global_step":5000,"_wandb":{"runtime":2484},"train/action_mean":1.1325273513793945,"agent/average_value":1.8804401,"agent/explained_variance":0.400621,"agent/average_entropy":4.203382,"extras/meanminusstdev":5.2516723}