{"eval/mean":6.818051,"extras/meanplusstdev":7.905226,"agent/average_value_loss":0.5404813,"_step":103,"train/action_mean_window":0.8788252919912338,"_timestamp":1.772042259121979e+09,"eval/min":5.915014,"_runtime":2424,"agent/n_updates":2880,"agent/average_entropy":4.1308446,"train/action_mean":1.3655441999435425,"agent/average_value":3.2028842,"agent/explained_variance":0.8232265,"global_step":5000,"eval/stdev":1.0871755,"agent/average_policy_loss":-0.005049873,"eval/max":8.02478,"eval/median":6.5143585,"extras/meanminusstdev":5.7308755,"_wandb":{"runtime":2424}}