{"_runtime":2538,"extras/meanplusstdev":7.2030478,"eval/median":7.123071,"global_step":5000,"eval/min":6.8783827,"agent/average_value":3.555271,"agent/average_value_loss":0.1817507,"extras/meanminusstdev":6.9008226,"_timestamp":1.772055000154608e+09,"agent/average_policy_loss":-0.05415181,"train/action_mean":0.0017031034221872687,"agent/n_updates":6080,"agent/explained_variance":0.9308657,"eval/max":7.1543517,"eval/mean":7.051935,"_wandb":{"runtime":2538},"_step":103,"train/action_mean_window":0.22143598896218464,"agent/average_entropy":3.577798,"eval/stdev":0.15111253}