{"eval/min":4.108238,"global_step":5000,"agent/average_policy_loss":-0.004541076,"agent/average_value":3.2539806,"_wandb":{"runtime":2522},"agent/average_value_loss":0.36594504,"eval/mean":5.182105,"_step":103,"eval/stdev":0.9439735,"train/action_mean":1.270531177520752,"eval/median":5.557197,"_timestamp":1.772060107562115e+09,"extras/meanminusstdev":4.238132,"agent/average_entropy":4.1097946,"extras/meanplusstdev":6.1260786,"agent/explained_variance":0.8885959,"eval/max":5.880881,"agent/n_updates":1520,"_runtime":2522,"train/action_mean_window":0.843765988945961}