{"_timestamp":1.772047317724385e+09,"global_step":5000,"extras/meanminusstdev":5.5761914,"_step":103,"eval/stdev":0.7561195,"eval/median":6.3020926,"_wandb":{"runtime":2520},"train/action_mean":-0.4260183274745941,"agent/n_updates":5760,"extras/meanplusstdev":7.0884304,"train/action_mean_window":-0.2702697180211544,"eval/mean":6.3323107,"eval/max":7.1030865,"agent/average_policy_loss":-0.01070966,"agent/average_entropy":3.2326982,"agent/average_value":2.7537758,"agent/average_value_loss":0.041958664,"_runtime":2520,"agent/explained_variance":0.7869724,"eval/min":5.5917535}