{"global_step":5000,"extras/meanplusstdev":7.862766,"agent/average_value_loss":0.20576996,"_timestamp":1.772065195040904e+09,"eval/max":7.7986226,"eval/min":6.9618826,"agent/n_updates":6080,"train/action_mean":0.9146779179573059,"_step":103,"eval/stdev":0.42864698,"_runtime":2567,"agent/average_entropy":3.6760683,"_wandb":{"runtime":2567},"train/action_mean_window":1.170074850320816,"agent/average_policy_loss":-0.016193552,"extras/meanminusstdev":7.005472,"eval/median":7.541852,"agent/average_value":3.5168664,"eval/mean":7.434119,"agent/explained_variance":0.913814}