{"agent/average_policy_loss":-0.029747047,"train/action_mean_window":0.9187463223934174,"extras/meanplusstdev":7.2452497,"agent/average_entropy":3.7143183,"eval/mean":7.204016,"_runtime":2669,"eval/median":7.193501,"eval/max":7.2494893,"eval/stdev":0.041233443,"agent/average_value":3.4645877,"extras/meanminusstdev":7.1627827,"train/action_mean":0.5800483822822571,"_wandb":{"runtime":2669},"_timestamp":1.772073079539022e+09,"global_step":5000,"eval/min":7.169059,"_step":103,"agent/n_updates":6080,"agent/average_value_loss":0.23672919,"agent/explained_variance":0.9036558}