{"extras/meanminusstdev":4.6631494,"eval/mean":6.0283294,"_timestamp":1.772049875802888e+09,"global_step":5000,"agent/average_policy_loss":-0.007659271,"_wandb":{"runtime":2537},"train/action_mean_window":0.6840321831405163,"eval/stdev":1.3651803,"_step":103,"eval/median":6.426901,"agent/n_updates":5760,"train/action_mean":1.2497010231018066,"_runtime":2537,"extras/meanplusstdev":7.39351,"agent/average_entropy":3.7187252,"agent/explained_variance":0.8389931,"eval/min":4.508221,"agent/average_value":3.0888612,"agent/average_value_loss":0.43365458,"eval/max":7.1498666}