{"extras/meanminusstdev":3.907378,"_wandb":{"runtime":2447},"agent/average_entropy":4.1668963,"agent/average_policy_loss":0.00014702532,"agent/average_value_loss":0.53144634,"train/action_mean_window":1.2472037374973297,"eval/min":3.6563406,"global_step":5000,"_step":103,"train/action_mean":0.7960049510002136,"extras/meanplusstdev":7.1877275,"eval/max":6.580686,"eval/mean":5.5475526,"agent/average_value":3.0031044,"agent/explained_variance":0.808939,"_timestamp":1.772042282272941e+09,"_runtime":2447,"eval/stdev":1.6401746,"agent/n_updates":2880,"eval/median":6.4056306}