{"eval/median":6.578627,"train/action_mean":0.5765698552131653,"extras/meanplusstdev":7.8592124,"_timestamp":1.772049878939114e+09,"eval/stdev":0.902008,"global_step":5000,"extras/meanminusstdev":6.0551963,"agent/average_entropy":3.8584673,"agent/n_updates":6080,"eval/min":6.306179,"eval/mean":6.9572043,"_step":103,"agent/average_value_loss":0.25226024,"train/action_mean_window":0.7627535462379456,"_wandb":{"runtime":2520},"eval/max":7.986807,"_runtime":2520,"agent/explained_variance":0.9045134,"agent/average_value":3.5558877,"agent/average_policy_loss":-0.00396873}