{"agent/explained_variance":0.7397885,"_step":103,"extras/meanplusstdev":7.9624844,"agent/average_value":2.3035495,"agent/n_updates":1440,"eval/max":8.28753,"train/action_mean_window":0.3864608258008957,"_timestamp":1.772044768640825e+09,"_wandb":{"runtime":2472},"agent/average_policy_loss":-0.017192062,"agent/average_entropy":3.8755229,"train/action_mean":0.3018566071987152,"global_step":5000,"eval/min":4.530726,"agent/average_value_loss":0.42250326,"_runtime":2472,"eval/mean":5.845736,"eval/stdev":2.1167486,"extras/meanminusstdev":3.7289875,"eval/median":4.718952}