{"eval/max":6.3478584,"eval/mean":5.402254,"train/action_mean":0.4993678033351898,"_runtime":2495,"agent/average_entropy":3.9870234,"eval/median":5.852559,"eval/min":4.0063453,"extras/meanplusstdev":6.6362524,"_timestamp":1.77203983036968e+09,"agent/average_value_loss":0.42091057,"eval/stdev":1.2339983,"train/action_mean_window":0.1943698190152645,"agent/average_policy_loss":-0.037815716,"agent/explained_variance":0.76200706,"global_step":5000,"agent/n_updates":5120,"_wandb":{"runtime":2495},"extras/meanminusstdev":4.168256,"agent/average_value":2.7430553,"_step":103}