{"_runtime":2554,"extras/meanplusstdev":7.1987405,"agent/average_value":3.481724,"agent/average_value_loss":0.29585654,"eval/min":5.274887,"_step":103,"_wandb":{"runtime":2554},"train/action_mean_window":0.7594861388206482,"train/action_mean":1.4685789346694946,"eval/mean":6.295738,"extras/meanminusstdev":5.3927364,"agent/n_updates":6080,"eval/max":6.990038,"_timestamp":1.772034808545629e+09,"eval/median":6.62229,"global_step":5000,"agent/average_entropy":4.043279,"agent/average_policy_loss":0.004122735,"eval/stdev":0.90300196,"agent/explained_variance":0.91507596}