{"agent/average_entropy":4.101031,"eval/median":7.2332053,"_timestamp":1.772060033434082e+09,"_runtime":2522,"eval/max":7.8074503,"global_step":5000,"eval/stdev":1.0970097,"agent/average_value":3.074091,"extras/meanplusstdev":8.006057,"_step":103,"agent/average_policy_loss":0.012946804,"eval/mean":6.9090476,"agent/n_updates":1520,"_wandb":{"runtime":2522},"agent/explained_variance":0.87759966,"train/action_mean_window":1.5736342668533325,"train/action_mean":1.2548633813858032,"eval/min":5.6864867,"agent/average_value_loss":0.35022545,"extras/meanminusstdev":5.812038}