{"_wandb":{"runtime":330},"_runtime":330,"_step":4,"train/action_mean":1.2023706436157227,"train/action_mean_window":-0.05894322097301483,"_timestamp":1.7720325674906151e+09}