{"_wandb":{"runtime":2558},"train/action_mean_window":1.1456092596054077,"agent/average_value":3.1428702,"agent/average_policy_loss":-0.03468855,"agent/n_updates":6080,"eval/min":7.626534,"extras/meanplusstdev":8.0694475,"extras/meanminusstdev":7.5607505,"train/action_mean":1.0902336835861206,"eval/stdev":0.25434878,"global_step":5000,"_timestamp":1.77206262411044e+09,"_runtime":2558,"agent/explained_variance":0.8433302,"eval/median":7.7143803,"agent/average_value_loss":0.04465711,"agent/average_entropy":3.2901103,"eval/max":8.104383,"_step":103,"eval/mean":7.8150992}