{"_step":103,"train/action_mean":0.9958811402320862,"eval/mean":6.042694,"agent/average_entropy":3.6888995,"agent/average_policy_loss":-0.016841551,"agent/explained_variance":0.8732364,"agent/average_value":3.2218256,"extras/meanminusstdev":4.9488616,"extras/meanplusstdev":7.136527,"agent/n_updates":5760,"agent/average_value_loss":0.30328885,"eval/max":6.967327,"train/action_mean_window":1.2857548892498016,"_timestamp":1.772049836808715e+09,"eval/min":4.83522,"_wandb":{"runtime":2518},"global_step":5000,"eval/stdev":1.0938327,"_runtime":2518,"eval/median":6.325536}