{"_runtime":2533,"train/action_mean":0.6252561211585999,"agent/average_value_loss":0.13745941,"agent/average_value":3.5203242,"eval/min":6.499578,"_timestamp":1.772057557474445e+09,"agent/average_policy_loss":-0.034137644,"eval/mean":7.3736515,"_wandb":{"runtime":2533},"extras/meanplusstdev":8.133126,"eval/stdev":0.75947464,"eval/max":7.87232,"extras/meanminusstdev":6.6141768,"agent/average_entropy":3.61385,"global_step":5000,"agent/explained_variance":0.9424183,"train/action_mean_window":0.3644253499805927,"agent/n_updates":6080,"_step":103,"eval/median":7.749056}