{"eval/min":6.6377234,"global_step":5000,"eval/median":6.638765,"agent/explained_variance":0.8695331,"extras/meanminusstdev":6.572316,"eval/stdev":0.15598649,"_wandb":{"runtime":2579},"extras/meanplusstdev":6.884289,"_timestamp":1.772065226768113e+09,"train/action_mean":0.3415474593639374,"agent/average_value":2.7791064,"agent/n_updates":6080,"agent/average_policy_loss":-0.006207647,"_runtime":2579,"agent/average_value_loss":0.10919029,"agent/average_entropy":2.96562,"train/action_mean_window":0.11876184120774269,"eval/max":6.908419,"_step":103,"eval/mean":6.7283025}