{"agent/average_value":2.1647232,"train/action_mean_window":0.09221982955932617,"eval/min":4.0205092,"agent/explained_variance":0.79875094,"eval/max":5.737657,"eval/mean":4.959528,"agent/average_policy_loss":-0.018531915,"extras/meanplusstdev":5.8293343,"global_step":5000,"agent/average_value_loss":0.3169024,"extras/meanminusstdev":4.089721,"eval/median":5.120417,"_wandb":{"runtime":2502},"_runtime":2502,"train/action_mean":0.05159159004688263,"_step":103,"_timestamp":1.772044818801583e+09,"agent/average_entropy":3.8156815,"eval/stdev":0.8698066,"agent/n_updates":1440}