{"train/action_mean_window":0.5365549772977829,"eval/max":7.788516,"eval/stdev":0.9514353,"agent/average_value_loss":0.5193221,"eval/median":6.3988295,"_step":103,"train/action_mean":0.2575109899044037,"eval/min":5.967944,"_timestamp":1.772039821570873e+09,"extras/meanminusstdev":5.7669945,"agent/average_value":2.558824,"agent/average_entropy":3.9953806,"agent/average_policy_loss":-0.05535276,"agent/explained_variance":0.702636,"_runtime":2507,"global_step":5000,"eval/mean":6.71843,"agent/n_updates":5120,"_wandb":{"runtime":2507},"extras/meanplusstdev":7.669865}