{"extras/meanplusstdev":7.954239,"_wandb":{"runtime":2552},"train/action_mean_window":0.5488041788339615,"eval/max":7.6521,"agent/average_value":2.809349,"eval/min":6.0675554,"agent/average_value_loss":0.05522039,"global_step":5000,"agent/average_policy_loss":-0.06886133,"eval/mean":7.077118,"extras/meanminusstdev":6.1999974,"_timestamp":1.772062677085024e+09,"agent/n_updates":6080,"train/action_mean":0.8230347037315369,"eval/stdev":0.87712073,"_runtime":2552,"_step":103,"agent/average_entropy":3.0284286,"agent/explained_variance":0.7895551,"eval/median":7.5116987}