{"eval/mean":6.144778,"eval/stdev":0.72498775,"global_step":5000,"_runtime":2585,"extras/meanplusstdev":6.8697653,"agent/n_updates":6080,"eval/min":5.3672256,"train/action_mean":1.133840799331665,"_step":103,"agent/average_value":3.18867,"eval/max":6.802192,"agent/average_value_loss":0.17853361,"agent/average_entropy":3.4177787,"train/action_mean_window":1.2940131425857544,"eval/median":6.2649155,"_timestamp":1.7720678930730188e+09,"agent/average_policy_loss":-0.09350681,"agent/explained_variance":0.81760085,"_wandb":{"runtime":2585},"extras/meanminusstdev":5.41979}