{"eval/min":5.0446563,"_step":103,"agent/average_value_loss":0.03969061,"eval/stdev":1.0942198,"agent/average_value":2.9308338,"_runtime":2501,"extras/meanplusstdev":7.2323203,"train/action_mean_window":0.3156251385807991,"_wandb":{"runtime":2501},"eval/median":6.1365504,"eval/max":7.2330947,"extras/meanminusstdev":5.0438805,"_timestamp":1.772047339214306e+09,"agent/n_updates":5760,"eval/mean":6.1381006,"train/action_mean":0.1317189782857895,"agent/average_entropy":3.083042,"agent/average_policy_loss":-0.052081224,"agent/explained_variance":0.8579246,"global_step":5000}