{"agent/average_entropy":3.4985125,"train/action_mean_window":0.6282857805490494,"eval/max":7.3570647,"train/action_mean":0.8927313685417175,"_timestamp":1.772070497349809e+09,"agent/average_value_loss":0.13355155,"eval/stdev":0.6788968,"_runtime":2588,"agent/explained_variance":0.9364779,"agent/n_updates":6080,"eval/median":7.1294193,"_step":103,"extras/meanminusstdev":6.1779323,"_wandb":{"runtime":2588},"eval/min":6.084003,"extras/meanplusstdev":7.535726,"global_step":5000,"agent/average_value":3.513362,"agent/average_policy_loss":-0.026160108,"eval/mean":6.856829}