{"eval/mean":6.642366,"extras/meanplusstdev":7.0393753,"agent/explained_variance":0.87108797,"global_step":5000,"agent/average_policy_loss":-0.060569834,"agent/average_value":3.2875798,"eval/stdev":0.39700952,"eval/max":7.0900373,"agent/average_value_loss":0.28990299,"_step":103,"extras/meanminusstdev":6.2453566,"train/action_mean":1.0445228815078735,"_timestamp":1.77205750177234e+09,"_wandb":{"runtime":2538},"eval/median":6.504024,"_runtime":2538,"agent/n_updates":6080,"eval/min":6.3330364,"train/action_mean_window":0.7988884449005127,"agent/average_entropy":3.7425265}