{"agent/average_value":3.531174,"eval/median":7.3996277,"_runtime":2563,"train/action_mean":0.8054971694946289,"agent/average_value_loss":0.23975022,"eval/min":4.238758,"extras/meanminusstdev":4.5284967,"train/action_mean_window":0.7900917232036591,"_step":103,"eval/mean":6.4414053,"agent/average_entropy":4.0542564,"agent/explained_variance":0.9221227,"_wandb":{"runtime":2563},"global_step":5000,"eval/stdev":1.9129087,"agent/n_updates":6080,"extras/meanplusstdev":8.354314,"eval/max":7.6858306,"_timestamp":1.772034817160498e+09,"agent/average_policy_loss":0.011454463}