{"agent/average_policy_loss":-0.014017028,"_runtime":2436,"eval/max":7.153529,"_timestamp":1.7720422912169979e+09,"extras/meanminusstdev":5.803214,"eval/min":5.722822,"train/action_mean":0.9885547757148743,"eval/mean":6.5399785,"_wandb":{"runtime":2436},"extras/meanplusstdev":7.2767434,"eval/stdev":0.7367646,"agent/n_updates":2880,"_step":103,"agent/average_entropy":4.1581593,"agent/average_value":3.3341663,"agent/average_value_loss":0.5685452,"agent/explained_variance":0.8076969,"train/action_mean_window":0.8128634095191956,"eval/median":6.7435846,"global_step":5000}