{"agent/average_policy_loss":0.003714842,"agent/average_value":3.359681,"eval/mean":7.0697966,"agent/explained_variance":0.8853496,"agent/average_entropy":4.1552734,"_timestamp":1.772060045208032e+09,"eval/stdev":1.1376337,"train/action_mean_window":0.8693847954273224,"agent/average_value_loss":0.35016876,"_wandb":{"runtime":2519},"extras/meanplusstdev":8.20743,"eval/median":7.638164,"_step":103,"eval/max":7.811249,"eval/min":5.759977,"extras/meanminusstdev":5.932163,"_runtime":2519,"train/action_mean":1.0909695625305176,"global_step":5000,"agent/n_updates":1520}