{"agent/average_value_loss":0.30242282,"agent/average_entropy":3.6363199,"_step":103,"eval/stdev":0.4213894,"_runtime":2710,"extras/meanplusstdev":7.5445642,"global_step":5000,"eval/max":7.5223303,"agent/n_updates":6080,"_timestamp":1.772073100628293e+09,"eval/min":6.682609,"_wandb":{"runtime":2710},"agent/average_policy_loss":-0.03999266,"train/action_mean_window":0.7231010496616364,"eval/median":7.164585,"extras/meanminusstdev":6.7017856,"agent/average_value":3.5655055,"train/action_mean":0.8221516609191895,"eval/mean":7.1231747,"agent/explained_variance":0.88170487}