{"extras/meanplusstdev":7.3078504,"eval/median":6.9951963,"_wandb":{"runtime":2453},"_runtime":2453,"agent/average_policy_loss":-0.039626304,"eval/max":7.310617,"eval/stdev":0.30704376,"eval/mean":7.0008063,"extras/meanminusstdev":6.693763,"eval/min":6.696606,"_step":103,"agent/average_value":3.0644102,"agent/n_updates":5760,"_timestamp":1.7720373060878541e+09,"agent/explained_variance":0.8747193,"global_step":5000,"agent/average_entropy":3.5068336,"agent/average_value_loss":0.16990028,"train/action_mean":0.6110997200012207,"train/action_mean_window":0.731314092874527}