{"agent/average_value_loss":0.39974272,"agent/average_value":2.6210506,"eval/min":4.153843,"eval/stdev":1.4553522,"_runtime":2535,"extras/meanminusstdev":4.3683863,"agent/explained_variance":0.76984715,"extras/meanplusstdev":7.2790904,"eval/mean":5.823738,"train/action_mean_window":0.3979603052139282,"train/action_mean":0.6252791881561279,"eval/median":6.495477,"agent/n_updates":2560,"_wandb":{"runtime":2535},"agent/average_policy_loss":-0.06294875,"_step":103,"eval/max":6.8218946,"agent/average_entropy":3.9026916,"_timestamp":1.772052435220305e+09,"global_step":5000}