{"agent/average_entropy":3.526692,"eval/stdev":0.52068913,"eval/median":7.3846097,"global_step":5000,"extras/meanplusstdev":7.8868227,"agent/average_policy_loss":-0.037081733,"agent/n_updates":6080,"eval/mean":7.3661337,"eval/min":6.8364525,"train/action_mean":0.02966734766960144,"train/action_mean_window":0.12158048897981644,"extras/meanminusstdev":6.8454447,"agent/explained_variance":0.88828,"agent/average_value_loss":0.29681563,"_step":103,"_runtime":2528,"agent/average_value":3.3740602,"eval/max":7.877339,"_timestamp":1.772054950402892e+09,"_wandb":{"runtime":2528}}