{"_runtime":2500,"agent/explained_variance":0.76696813,"train/action_mean":0.9581423401832581,"agent/average_value_loss":0.41556355,"train/action_mean_window":0.21939301490783691,"eval/min":6.316445,"eval/max":6.6699576,"_wandb":{"runtime":2500},"agent/n_updates":5120,"eval/median":6.6483464,"agent/average_entropy":3.974699,"eval/mean":6.544916,"extras/meanplusstdev":6.743073,"eval/stdev":0.19815677,"_timestamp":1.772039813916425e+09,"agent/average_policy_loss":-0.01979423,"global_step":5000,"extras/meanminusstdev":6.34676,"agent/average_value":2.4985185,"_step":103}