{"_timestamp":1.7720372990476632e+09,"eval/stdev":1.1830369,"extras/meanminusstdev":6.35231,"agent/average_entropy":3.445622,"agent/explained_variance":0.90177125,"train/action_mean":1.3122268915176392,"eval/median":7.7284737,"train/action_mean_window":0.7065006978809834,"_step":103,"agent/n_updates":5760,"agent/average_value":3.2154758,"eval/min":6.2676296,"eval/mean":7.5353475,"extras/meanplusstdev":8.718384,"_wandb":{"runtime":2464},"agent/average_value_loss":0.1290697,"eval/max":8.609939,"_runtime":2464,"global_step":5000,"agent/average_policy_loss":-0.026946753}