{"agent/average_value":3.519499,"eval/stdev":0.24969724,"agent/average_value_loss":0.19802195,"eval/mean":6.4135747,"eval/min":6.1253138,"extras/meanplusstdev":6.663272,"_runtime":2583,"_wandb":{"runtime":2583},"_timestamp":1.772065289956228e+09,"_step":103,"train/action_mean":1.0746291875839233,"agent/n_updates":6080,"train/action_mean_window":0.7897955775260925,"agent/average_entropy":3.3571632,"extras/meanminusstdev":6.1638775,"global_step":5000,"eval/max":6.563001,"agent/average_policy_loss":-0.033544816,"agent/explained_variance":0.9066437,"eval/median":6.5524087}