{"agent/average_entropy":3.715998,"agent/explained_variance":0.8456273,"train/action_mean":-0.01594853401184082,"eval/max":7.612082,"global_step":5000,"eval/median":6.3126655,"_step":103,"train/action_mean_window":-0.04274413362145424,"agent/average_policy_loss":-0.028141664,"extras/meanminusstdev":5.3649015,"eval/min":5.443752,"agent/n_updates":1440,"eval/stdev":1.0912646,"_timestamp":1.7720473055975208e+09,"agent/average_value_loss":0.3080241,"agent/average_value":2.6231856,"eval/mean":6.4561663,"extras/meanplusstdev":7.547431,"_runtime":2528,"_wandb":{"runtime":2528}}